cell_code,whole_plots,details,type,binder,solvent,fec,thickness,anode,anode_mass,active_mass,capacity_mah,protocol_type,source_file,ICE,retention_final,n_cycles,fade_rate_total,reference_cycle,final_cycle,inferred_cell_type,warnings
IF1606E1,,half small space june,half,CMC,EC:DEC,5.0,200.0,,0.0085,0.00423,1.269,ratetest,IF1606E1_5FEC_2026-06-23 16-03-51_1_HardCarbon_Na_Halfcell_Ratetest.xlsx,81.15351158073832,,,,,,half,
IF1606E10,,half small space june,half,CMC,EC:DEC,0.5,200.0,,0.009,0.00468,1.404,ratetest,IF1606E10_0.5FEC_2026-06-23 16-10-03_2_HardCarbon_Na_Halfcell_Ratetest.xlsx,81.3060853677103,,,,,,half,
IF1606E11,,half small space june,half,CMC,EC:DEC,0.5,200.0,,0.0063,0.00225,0.675,ratetest,IF1606E11_0.5FEC_2026-06-23 16-10-37_3_HardCarbon_Na_Halfcell_Ratetest.xlsx,76.8042502774943,,,,,,half,
IF1606E2,,half small space june,half,CMC,EC:DEC,5.0,200.0,,0.0085,0.00423,1.269,ratetest,IF1606E2_5FEC_2026-06-23 16-04-15_2_HardCarbon_Na_Halfcell_Ratetest.xlsx,,,,,,,,"no charge/discharge pairs found, ICE not calculated"
IF1606E3,,half small space june,half,CMC,EC:DEC,5.0,200.0,,0.008,0.00378,1.134,ratetest,IF1606E3_5FEC_2026-06-23 16-04-49_3_HardCarbon_Na_Halfcell_Ratetest.xlsx,82.31098653257231,,,,,,half,
IF1606E4,,half small space june,half,CMC,EC:DEC,5.0,200.0,,0.0078,0.0036,1.08,ratetest,IF1606E4_5FEC_2026-06-23 16-05-30_4_HardCarbon_Na_Halfcell_Ratetest.xlsx,83.9597988725019,,,,,,half,
IF1606E6,,half small space june,half,CMC,EC:DEC,5.0,200.0,,0.0082,0.00396,1.188,ratetest,IF1606E6_5FEC_2026-06-23 16-07-19_6_HardCarbon_Na_Halfcell_Ratetest.xlsx,75.55818262934203,,,,,,half,
IF1606E7,,half small space june,half,CMC,EC:DEC,0.5,200.0,,0.0077,0.00351,1.053,ratetest,IF1606E7_0.5FEC_2026-06-23 16-08-07_7_HardCarbon_Na_Halfcell_Ratetest.xlsx,83.743456575914,,,,,,half,
IF1606E8,,half small space june,half,CMC,EC:DEC,0.5,200.0,,0.0077,0.00351,1.053,ratetest,IF1606E8_0.5FEC_2026-06-23 16-08-48_8_HardCarbon_Na_Halfcell_Ratetest.xlsx,86.8070116648918,,,,,,half,
IF1606E9,,half small space june,half,CMC,EC:DEC,0.5,200.0,,0.0085,0.00423,1.269,ratetest,IF1606E9_0.5FEC_2026-06-23 16-09-26_1_HardCarbon_Na_Halfcell_Ratetest.xlsx,85.08745927900523,,,,,,half,
IF2007E1,,half small space,half,CMC,EC:DEC,0.0,200.0,,0.0083,0.00405,1.215,longterm,IF2007E1_0FEC_2026-07-21 16-57-41.csv,84.70820009017498,58.43912041408584,127.0,0.3272510203615288,2.0,127.0,half,
IF2007E10,,half small space,half,CMC,EC:DEC,0.625,200.0,,0.0081,0.00387,1.161,longterm,IF2007E10_0.625FEC_2026-07-21 16-56-13.csv,85.16723726132737,86.46603243099882,173.0,0.0782310264104114,2.0,173.0,half,
IF2007E11,,half small space,half,CMC,EC:DEC,0.625,200.0,,0.0082,0.00396,1.188,longterm,IF2007E11_0.625FEC_2026-07-21 16-57-00.csv,84.8872364359409,86.68319595650986,248.0,0.0536967904979441,2.0,248.0,half,
IF2007E12,,half small space,half,CMC,EC:DEC,0.625,200.0,,0.0081,0.00387,1.161,longterm,IF2007E12_0.625FEC_2026-07-21 17-01-03.csv,85.15665583916604,98.22283804831709,245.0,0.007253722251767,2.0,245.0,half,
IF2007E2,,half small space,half,CMC,EC:DEC,0.0,200.0,,0.0084,0.00414,1.242,longterm,IF2007E2_0FEC_2026-07-21 16-59-29.csv,90.0175915561631,31.61813507276524,127.0,0.5384398813168091,2.0,127.0,half,
IF2007E5,,half small space,half,CMC,EC:DEC,0.0,200.0,,0.0084,0.00414,1.242,longterm,IF2007E5_0FEC_2026-07-21 16-46-52.csv,2496.4404249946124,34.037164061429934,31.0,2.127833417373228,2.0,31.0,half,ICE=2496.4% outside plausible range (0-100)
IF2007E6,,half small space,half,CMC,EC:DEC,0.0,200.0,,0.0083,0.00405,1.215,longterm,IF2007E6_0FEC_2026-07-21 16-47-36.csv,84.47231058678032,98.57173403974498,261.0,0.0054722833726245,2.0,261.0,half,
IF2007E7,,half small space,half,CMC,EC:DEC,5.0,200.0,,0.0081,0.00387,1.161,longterm,IF2007E7_5FEC_2026-07-21 16-54-04.csv,82.32888799070331,76.66479060489357,40.0,0.5833802348776608,2.0,40.0,half,
IF2007E8,,half small space,half,CMC,EC:DEC,5.0,200.0,,0.0079,0.00369,1.107,longterm,IF2007E8_5FEC_2026-07-21 16-54-43.csv,80.12699001504771,88.69227615534777,6.0,1.884620640775372,2.0,6.0,half,
IF2007E9,,half small space,half,CMC,EC:DEC,5.0,200.0,,0.0073,0.00315,0.945,longterm,IF2007E9_5FEC_2026-07-21 16-55-29.csv,70.52479696510514,61.84881472941783,301.0,0.1267481238225321,2.0,301.0,half,
IF2007F1,,half small space,half,CMC,EC:DEC,2.5,200.0,,0.0075,0.00333,0.999,longterm,IF2007F1_2.5FEC_2026-07-21 17-04-26.csv,80.47239522132217,92.7107636352979,174.0,0.0418921630155293,2.0,174.0,half,
IF2007F10,,half small space,half,CMC,EC:DEC,0.5,200.0,,0.0072,0.00306,0.918,longterm,IF2007F10_0.5FEC_2026-07-21 17-07-58.csv,82.38996398816585,116.1835635036608,250.0,-0.0647342540146431,2.0,250.0,half,"Retention=116.2% above 100%, check data"
IF2007F11,,half small space,half,CMC,EC:DEC,0.5,200.0,,0.0071,0.00297,0.891,longterm,IF2007F11_0.5FEC_2026-07-21 17-08-27.csv,81.7678878853264,114.6444142801064,188.0,-0.0778958206388637,2.0,188.0,half,"Retention=114.6% above 100%, check data"
IF2007F12,,half small space,half,CMC,EC:DEC,0.5,200.0,,0.0075,0.00333,0.999,longterm,IF2007F12_0.5FEC_2026-07-21 17-08-53.csv,80.00838254941561,121.90647764873133,275.0,-0.0796599187226593,2.0,275.0,half,"Retention=121.9% above 100%, check data"
IF2007F2,,half small space,half,CMC,EC:DEC,2.5,200.0,,0.0072,0.00306,0.918,longterm,IF2007F2_2.5FEC_2026-07-21 17-04-59.csv,82.44454337569734,86.44715665827428,55.0,0.2464153334859221,2.0,55.0,half,
IF2007F3,,half small space,half,CMC,EC:DEC,2.5,200.0,,0.0073,0.00315,0.945,longterm,IF2007F3_2.5FEC_2026-07-21 17-05-29.csv,83.1719636751109,85.79673476299867,49.0,0.28986255585717,2.0,49.0,half,
IF2007F4,,half small space,half,CMC,EC:DEC,1.25,200.0,,0.0074,0.00324,0.972,longterm,IF2007F4_1.25FEC_2026-07-21 17-05-59.csv,83.41428777742145,83.61014577979653,95.0,0.1725247812652997,2.0,95.0,half,
IF2007F7,,half small space,half,CMC,EC:DEC,1.25,200.0,,0.0075,0.00333,0.999,longterm,IF2007F7_1.25FEC_2026-07-21 17-06-27.csv,82.36252518371315,100.0,2.0,0.0,2.0,2.0,half,"Only 2 cycles with activity, targets may be unreliable"
IF2007F8,,half small space,half,CMC,EC:DEC,1.25,200.0,,0.0066,0.00252,0.756,longterm,IF2007F8_1.25FEC_2026-07-21 17-06-54.csv,78.94075996634827,94.0186331378717,35.0,0.1708961960608085,2.0,35.0,half,
IF2007F9,,half small space,half,CMC,EC:DEC,0.5,200.0,,0.0073,0.00315,0.945,longterm,IF2007F9_0.5FEC_2026-07-21 17-07-30.csv,83.0735416820895,110.32884817083824,153.0,-0.067508811574106,2.0,153.0,half,"Retention=110.3% above 100%, check data"
IF2007G1,,half small space,half,PVDF,EC:DEC,0.0,200.0,,0.0078,0.0036,1.08,longterm,IF2007G1_0FEC_2026-07-21 16-48-57.csv,87.78066632544225,101.15790519848372,237.0,-0.0048856759429693,2.0,237.0,half,"Retention=101.2% above 100%, check data"
IF2007G10,,half small space,half,PVDF,EC:DEC,2.5,200.0,,0.0078,0.0036,1.08,longterm,IF2007G10_2.5FEC_2026-07-21 17-03-47.csv,78.05102532076846,87.16575175034662,30.0,0.4278082749884461,2.0,30.0,half,
IF2007G2,,half small space,half,PVDF,EC:DEC,0.0,200.0,,0.0085,0.00423,1.269,longterm,IF2007G2_0FEC_2026-07-21 16-50-39.csv,83.21446879967999,98.79592096636613,267.0,0.0045096593019995,2.0,267.0,half,
IF2007G3,,half small space,half,PVDF,EC:DEC,0.0,200.0,,0.0084,0.00414,1.242,longterm,IF2007G3_0FEC_2026-07-21 16-51-11.csv,82.62956842172801,100.63159662677016,230.0,-0.0027460722903049,2.0,230.0,half,"Retention=100.6% above 100%, check data"
IF2007G4,,half small space,half,PVDF,EC:DEC,5.0,200.0,,0.0071,0.00297,0.891,longterm,IF2007G4_5FEC_2026-07-21 16-51-59.csv,77.71935583747151,83.83062122410423,111.0,0.145670079062124,2.0,111.0,half,
IF2007G5,,half small space,half,PVDF,EC:DEC,5.0,200.0,,0.0076,0.00342,1.026,longterm,IF2007G5_5FEC_2026-07-21 16-52-31.csv,77.07997394409296,89.79154889866913,44.0,0.2320102523029742,2.0,44.0,half,
IF2007G6,,half small space,half,PVDF,EC:DEC,5.0,200.0,,0.0077,0.00351,1.053,longterm,IF2007G6_5FEC_2026-07-21 16-53-16.csv,79.8402720327587,78.96370020906994,48.0,0.4382562456443762,2.0,48.0,half,
IF2007G7,,half small space,half,PVDF,EC:DEC,0.625,200.0,,0.0077,0.00351,1.053,longterm,IF2007G7_0.625FEC_2026-07-21 17-01-43.csv,81.44789573050821,100.58620556448292,211.0,-0.0027782254240896,2.0,211.0,half,"Retention=100.6% above 100%, check data"
IF2007G8,,half small space,half,PVDF,EC:DEC,0.625,200.0,,0.0082,0.00396,1.188,longterm,IF2007G8_0.625FEC_2026-07-21 17-02-18.csv,79.69586718053476,100.0,2.0,0.0,2.0,2.0,half,"Only 2 cycles with activity, targets may be unreliable"
IF2007G9,,half small space,half,PVDF,EC:DEC,0.625,200.0,,0.0071,0.00297,0.891,longterm,IF2007G9_0.625FEC_2026-07-21 17-03-09.csv,79.539992274221,121.340906452141,183.0,-0.1166169751483114,2.0,183.0,half,"Retention=121.3% above 100%, check data"
IF220610_0.625FEC_2026-06-23 16-16-45_5_HardCarbon_Na_Halfcell_Ratetest,,,,,,,,,,,,ratetest,IF220610_0.625FEC_2026-06-23 16-16-45_5_HardCarbon_Na_Halfcell_Ratetest.xlsx,82.61205686551261,,,,,,half,cell_code not found in df_track column 'cell_code'
IF2206E1,,half small space june,half,CMC,EC:DEC,1.25,200.0,,0.0072,0.00306,0.918,ratetest,IF2206E1_1.25FEC_2026-06-23 16-11-33_4_HardCarbon_Na_Halfcell_Ratetest.xlsx,80.43889069631133,,,,,,half,
IF2206E2,,half small space june,half,CMC,EC:DEC,1.25,200.0,,0.007,0.00288,0.864,ratetest,IF2206E2_1.25FEC_2026-06-23 16-12-03_5_HardCarbon_Na_Halfcell_Ratetest.xlsx,80.3447568305519,,,,,,half,
IF2206E3,,half small space june,half,CMC,EC:DEC,1.25,200.0,,0.0065,0.00243,0.729,ratetest,IF2206E3_1.25FEC_2026-06-23 16-12-42_6_HardCarbon_Na_Halfcell_Ratetest.xlsx,81.04301546992731,,,,,,half,
IF2206E4,,half small space june,half,CMC,EC:DEC,1.25,200.0,,0.006,0.00198,0.594,ratetest,IF2206E4_1.25FEC_2026-06-23 16-13-14_7_HardCarbon_Na_Halfcell_Ratetest.xlsx,82.73372969274496,,,,,,half,
IF2206E5,,half small space june,half,CMC,EC:DEC,5.0,200.0,,0.007,0.00288,0.864,ratetest,IF2206E5_1.25FEC_2026-06-23 16-13-45_8_HardCarbon_Na_Halfcell_Ratetest.xlsx,81.55629954375527,,,,,,half,
IF2206E6,,half small space june,half,CMC,EC:DEC,1.25,200.0,,0.0063,0.00225,0.675,ratetest,IF2206E6_1.25FEC_2026-06-23 16-14-18_1_HardCarbon_Na_Halfcell_Ratetest.xlsx,82.06443908714515,,,,,,half,
IF2206E7,,half small space june,half,CMC,EC:DEC,1.25,200.0,,0.007,0.00288,0.864,ratetest,IF2206E7_1.25FEC_2026-06-23 16-14-50_2_HardCarbon_Na_Halfcell_Ratetest.xlsx,,,,,,,,"no charge/discharge pairs found, ICE not calculated"
IF2206E8,,half small space june,half,CMC,EC:DEC,1.25,200.0,,0.0075,0.00333,0.999,ratetest,IF2206E8_1.25FEC_2026-06-23 16-15-27_3_HardCarbon_Na_Halfcell_Ratetest.xlsx,83.4748656745769,,,,,,half,
IF2206E9,,half small space june,half,CMC,EC:DEC,0.625,200.0,,0.0072,0.00306,0.918,ratetest,IF2206E9_0.625FEC_2026-06-23 16-16-08_4_HardCarbon_Na_Halfcell_Ratetest.xlsx,81.6936622495665,,,,,,half,
ltl_doe1_001,1.0,DoE,half,CMC,EC:DMC,3.5,200.0,D10,0.0078,0.0037656,1.12968,longterm,ltl_doe1_001_2026-07-20 18-20-18.ndax,84.83658599853516,105.91036224365234,151.0,-0.039141472429037,2.0,151.0,half,"Retention=105.9% above 100%, check data"
ltl_doe1_002,1.0,DoE,half,CMC,EC:DMC,2.5,200.0,D3,0.0078,0.0037656,1.12968,longterm,ltl_doe1_002_2026-07-20 18-21-03.ndax,83.8448486328125,95.9885711669922,46.0,0.0872049778699874,2.0,46.0,half,
ltl_doe1_003,1.0,DoE,half,CMC,EC:DEC:DMC,0.5,200.0,D7,0.0077,0.0036756,1.10268,longterm,ltl_doe1_003_2026-07-20 18-19-39.ndax,82.58236694335938,106.59510040283205,112.0,-0.0588848255574703,2.0,112.0,half,"Retention=106.6% above 100%, check data"
ltl_doe1_004,1.0,DoE,half,CMC,EC:DEC:DMC,5.0,200.0,D9,0.0077,0.0036756,1.10268,longterm,ltl_doe1_004-2_2026-07-23 17-10-44.ndax,90.32400512695312,71.23170471191406,150.0,0.1917886286973953,2.0,150.0,half,
ltl_doe1_005,1.0,DoE,half,CMC,EC:DEC,2.5,200.0,C11,0.0079,0.0038556,1.15668,longterm,ltl_doe1_005_2026-07-22 14-07-23.csv,84.06356976348572,84.68537584337781,33.0,0.464079519897642,2.0,33.0,half,
ltl_doe1_006,2.0,DoE,half,PVDF,EC:DMC,5.0,400.0,C2,0.0116,0.0071856,2.15568,longterm,ltl_doe1_006_2026-07-20 18-22-41.ndax,75.9328842163086,101.62136840820312,77.0,-0.0210567321628332,2.0,77.0,half,"Retention=101.6% above 100%, check data"
ltl_doe1_007,2.0,DoE,half,PVDF,EC:DMC,2.5,400.0,C8,0.0115,0.0070956,2.12868,longterm,ltl_doe1_007_2026-07-20 18-23-27.ndax,76.64043426513672,85.45948028564453,301.0,0.0483073741197586,2.0,301.0,half,
ltl_doe1_008,2.0,DoE,half,PVDF,EC:DEC:DMC,0.5,400.0,C3,0.0112,0.0068256,2.04768,longterm,ltl_doe1_008_2026-07-20 18-23-57.ndax,77.64452362060547,81.17764282226562,301.0,0.0625327453017234,2.0,301.0,half,
ltl_doe1_009,2.0,DoE,half,PVDF,EC:DEC,2.5,400.0,B10,0.0109,0.0065556,1.96668,longterm,ltl_doe1_009_2026-07-16 16-58-16.ndax,78.23316955566406,99.90093231201172,301.0,0.0003291285247541,2.0,301.0,half,
ltl_doe1_010,2.0,DoE,half,PVDF,EC:DEC:DMC,5.0,400.0,C9,0.0078,0.0037656,1.12968,longterm,ltl_doe1_010-3_2026-07-24 11-02-47.ndax,76.81180572509766,97.32120513916016,116.0,0.0230930596590042,2.0,116.0,half,
ltl_doe1_011,3.0,DoE,half,CMC,EC:DEC:DMC,5.0,200.0,C4,0.0073,0.0033156,0.99468,longterm,ltl_doe1_011-3_2026-07-23 18-17-47.ndax,89.61991882324219,65.29922485351562,26.0,1.33464515209198,2.0,26.0,half,
ltl_doe1_012,3.0,DoE,half,CMC,EC:DEC,2.5,200.0,D5,0.0076,0.0035856,1.07568,longterm,ltl_doe1_012_2026-07-16 16-57-04.ndax,86.7777099609375,68.97897338867188,138.0,0.2247900515794754,2.0,138.0,half,
ltl_doe1_013,3.0,DoE,half,CMC,EC:DEC:DMC,0.5,200.0,D8,0.0077,0.0036756,1.10268,longterm,ltl_doe1_013_2026-07-20 18-27-55.ndax,84.6942367553711,85.91157531738281,301.0,0.0468053966760635,2.0,301.0,half,
ltl_doe1_014,8.0,DoE,half,PVDF,EC:DEC,0.5,100.0,A6,0.0054,0.0016056,0.4816800000000001,longterm,ltl_doe1_014_2026-07-16 16-55-07.ndax,78.70169067382812,84.71366882324219,180.0,0.0849240645766258,2.0,180.0,half,
ltl_doe1_015,3.0,DoE,half,CMC,EC:DEC,3.5,200.0,C9,0.0079,0.0038556,1.15668,longterm,ltl_doe1_015_2026-07-22 14-08-31.csv,86.01489369864099,86.78810876545666,19.0,0.6953626965549129,2.0,19.0,half,
ltl_doe1_016,4.0,DoE,half,CMC,EC:DMC,0.5,100.0,A10,0.0055,0.0016956,0.5086799999999999,longterm,ltl_doe1_016_2026-07-20 18-28-49.ndax,80.94080352783203,95.11833953857422,95.0,0.051385898143053,2.0,95.0,half,
ltl_doe1_018,4.0,DoE,half,CMC,EC:DEC:DMC,3.5,100.0,A6,0.0053,0.0015156,0.4546800000000001,longterm,ltl_doe1_018_2026-07-22 14-09-15.csv,83.48027767010456,83.98117907144761,52.0,0.3080542486260074,2.0,52.0,half,
ltl_doe1_019,4.0,DoE,half,CMC,EC:DEC,5.0,100.0,B2,0.0051,0.0013356,0.4006800000000002,longterm,ltl_doe1_019_2026-07-22 14-09-53.csv,80.25785366502754,87.87783492131918,22.0,0.551007503576401,2.0,22.0,half,
ltl_doe1_020,4.0,DoE,half,CMC,EC:DMC,5.0,100.0,B3,0.0055,0.0016956,0.5086799999999999,longterm,ltl_doe1_020_2026-07-20 18-30-38.ndax,79.61936950683594,105.55525207519533,46.0,-0.1207663491368293,2.0,46.0,half,"Retention=105.6% above 100%, check data"
ltl_doe1_021,5.0,DoE,half,PVDF,EC:DEC:DMC,0.5,100.0,B1,0.0054,0.0016056,0.4816800000000001,longterm,ltl_doe1_021_2026-07-20 18-31-13.ndax,75.74645233154297,105.899169921875,158.0,-0.0373365171253681,2.0,158.0,half,"Retention=105.9% above 100%, check data"
ltl_doe1_023,5.0,DoE,half,PVDF,EC:DEC,2.5,100.0,A3,0.0053,0.0015156,0.4546800000000001,longterm,ltl_doe1_023_2026-07-16 16-51-28.ndax,77.30835723876953,81.37181854248047,182.0,0.1023526489734649,2.0,182.0,half,
ltl_doe1_024,5.0,DoE,half,PVDF,EC:DMC,0.5,100.0,B6,0.0051,0.0013356,0.4006800000000002,longterm,ltl_doe1_024_2026-07-20 18-31-55.ndax,75.11116027832031,97.76966094970705,67.0,0.0332886427640914,2.0,67.0,half,
ltl_doe1_025,5.0,DoE,half,PVDF,EC:DEC:DMC,5.0,100.0,A10,0.0051,0.0013356,0.4006800000000002,longterm,ltl_doe1_025_2026-07-20 18-32-22.ndax,73.3604965209961,113.46717071533205,51.0,-0.2640621662139892,2.0,51.0,half,"Retention=113.5% above 100%, check data"
ltl_doe1_026,6.0,DoE,half,PVDF,EC:DEC:DMC,3.5,400.0,C5,0.0079,0.0038556,1.15668,longterm,ltl_doe1_026_2026-07-22 14-10-26.csv,77.30460172025901,84.88819186494825,78.0,0.1937411299365608,2.0,78.0,half,
ltl_doe1_027,6.0,DoE,half,PVDF,EC:DEC:DMC,2.5,400.0,C6,0.0112,0.0068256,2.04768,longterm,ltl_doe1_027_2026-07-20 18-32-58.ndax,77.43938446044922,97.65070343017578,192.0,0.0122359199449419,2.0,192.0,half,
ltl_doe1_028,6.0,DoE,half,PVDF,EC:DMC,0.5,400.0,C7,0.0114,0.0070056,2.10168,longterm,ltl_doe1_028_2026-07-20 18-33-29.ndax,81.5750732421875,60.49205017089844,301.0,0.131255641579628,2.0,301.0,half,
ltl_doe1_029,7.0,DoE,half,CMC,EC:DMC,0.5,400.0,G10,0.0109,0.0065556,1.96668,longterm,ltl_doe1_029_2026-07-20 18-33-57.ndax,86.78375244140625,82.07842254638672,57.0,0.3144136369228363,2.0,57.0,half,
ltl_doe1_030,6.0,DoE,half,PVDF,EC:DEC,5.0,400.0,,0.0112,0.0068256,2.04768,longterm,ltl_doe1_030-2_2026-07-23 17-11-37.ndax,80.07974243164062,78.11588287353516,91.0,0.2404848039150238,2.0,91.0,half,
ltl_doe1_031,7.0,DoE,half,CMC,EC:DMC,5.0,400.0,,0.0107,0.0063756,1.91268,longterm,ltl_doe1_031-2_2026-07-23 17-12-29.ndax,83.88983154296875,74.56535339355469,33.0,0.7707468867301941,2.0,33.0,half,
ltl_doe1_032,7.0,DoE,half,CMC,EC:DEC,5.0,400.0,G8,0.0108,0.0064656,1.93968,longterm,ltl_doe1_032_2026-07-16 16-56-01.ndax,85.44485473632812,62.7427864074707,301.0,0.1237781196832656,2.0,301.0,half,
ltl_doe1_033,4.0,DoE,half,CMC,EC:DEC,0.5,100.0,A2,0.0055,0.0016956,0.5086799999999999,longterm,ltl_doe1_033_2026-07-16 16-54-24.ndax,84.08528137207031,70.2619400024414,115.0,0.2585918307304382,2.0,115.0,half,
ltl_doe1_034,7.0,DoE,half,CMC,EC:DEC:DMC,2.5,400.0,,0.0109,0.0065556,1.96668,longterm,ltl_doe1_034-2_2026-07-23 17-13-16.ndax,89.04312133789062,67.85273742675781,119.0,0.270145058631897,2.0,119.0,half,
ltl_doe1_035,8.0,DoE,half,PVDF,EC:DMC,5.0,100.0,A4,0.0052,0.0014256,0.42768,longterm,ltl_doe1_035_2026-07-20 18-35-36.ndax,74.06040954589844,112.59498596191406,33.0,-0.3816662430763244,2.0,33.0,half,"Retention=112.6% above 100%, check data"
ltl_doe1_036,8.0,DoE,half,PVDF,EC:DEC,5.0,100.0,A1,0.0053,0.0015156,0.4546800000000001,longterm,ltl_doe1_036_2026-07-16 16-53-49.ndax,73.81529998779297,83.30635833740234,31.0,0.5385045409202576,2.0,31.0,half,
ltl_doe1_037,8.0,DoE,half,PVDF,EC:DMC,3.5,100.0,A2,0.0052,0.0014256,0.42768,longterm,ltl_doe1_037_2026-07-20 18-36-16.ndax,74.56230926513672,104.24811553955078,44.0,-0.0965480804443359,2.0,44.0,half,"Retention=104.2% above 100%, check data"
ltl_doe1_038,8.0,DoE,half,PVDF,EC:DEC:DMC,2.5,100.0,A7,0.0051,0.0013356,0.4006800000000002,longterm,ltl_doe1_038_2026-07-20 18-36-45.ndax,74.49475860595703,96.22210693359376,87.0,0.0434240587055683,2.0,87.0,half,
ltl_doe1_039,7.0,DoE,half,CMC,EC:DEC,0.5,400.0,G7,0.011,0.0066456,1.99368,longterm,ltl_doe1_039_2026-07-16 16-50-07.ndax,85.95059204101562,73.84015655517578,301.0,0.0869097784161567,2.0,301.0,half,
ltl_doe1_040,3.0,DoE,half,CMC,EC:DMC,2.5,200.0,C7,0.0079,0.0038556,1.15668,longterm,ltl_doe1_040_2026-07-20 18-37-11.ndax,83.6946029663086,117.75709533691406,169.0,-0.1050715669989585,2.0,169.0,half,"Retention=117.8% above 100%, check data"
P009-CEL-100,,full cells,full,CMC,EC:DEC,0.0,200.0,,0.0078,0.0093,1.0889,longterm,P009-CEL-100-0wtFEC-0106-8_.ndax,76.42438507080078,0.3647553026676178,260.0,0.3832124769687652,2.0,260.0,full,
P009-CEL-101,,full cells,full,CMC,EC:DEC,0.0,200.0,,0.0081,0.0095,1.1168,longterm,P009-CEL-101-0wtFEC-0106-10_.ndax,76.77546691894531,57.500755310058594,249.0,0.1706797033548355,2.0,249.0,full,
P009-CEL-103,,full cells,full,CMC,EC:DEC,0.0,200.0,,0.0082,0.0095,1.1164,longterm,P009-CEL-103-0wtFEC-0106-7_.ndax,76.18385314941406,22.92592430114746,254.0,0.3034412264823913,2.0,254.0,full,
P009-CEL-107,,full cells,full,CMC,EC:DEC,5.0,200.0,,0.0082,0.01,1.1664,longterm,P009-CEL-107-5wtFEC-0106-15_FullCell_FEC - longterm.ndax,78.56076049804688,61.431671142578125,234.0,0.1648219227790832,2.0,234.0,full,
P009-CEL-108,,full cells,full,CMC,EC:DEC,5.0,200.0,,0.0084,0.0103,1.2089,longterm,P009-CEL-108-5wtFEC-0106-13_.ndax,78.5908203125,55.859375,250.0,0.1765625029802322,2.0,250.0,full,
P009-CEL-109,,full cells,full,CMC,EC:DEC,5.0,200.0,,0.0077,0.0089,1.0448,longterm,P009-CEL-109-5wtFEC-0106-14_.ndax,75.25924682617188,47.42794418334961,289.0,0.1819102317094802,2.0,289.0,full,
P009-CEL-128,,full cells,full,CMC,EC:DEC,5.0,200.0,,0.0084,0.0095,1.1106,longterm,P009-CEL-128-5wtFEC-0406-1_FullCell_FEC - longterm.ndax,74.32576751708984,52.566673278808594,302.0,0.1570639908313751,2.0,302.0,full,
P009-CEL-129,,full cells,full,CMC,EC:DEC,5.0,200.0,,0.0085,0.01,1.1738,longterm,P009-CEL-129-5wtFEC-0406-8_FullCell_FEC - longterm.ndax,76.7142562866211,52.65853500366211,302.0,0.1567598134279251,2.0,302.0,full,
P009-CEL-144,,full cells,full,CMC,EC:DEC,2.5,200.0,,0.0085,0.0096,1.1211,longterm,P009-CEL-144-0107-k8_2026-07-03 16-45-04_4.ndax,81.85193634033203,67.25365447998047,254.0,0.128922626376152,2.0,254.0,full,
P009-CEL-145,,full cells,full,CMC,EC:DEC,2.5,200.0,,0.0085,0.0096,1.1211,longterm,P009-CEL-145-0107-k9_2026-07-03 16-45-35_5.ndax,82.2755126953125,11.137165069580078,163.0,0.545170783996582,2.0,163.0,full,
P009-CEL-147,,full cells,full,CMC,EC:DEC,2.5,200.0,,0.0085,0.0099,1.1632,longterm,P009-CEL-147-0107-k12_2026-07-03 16-46-57_2_FullCell_FEC - longterm.ndax,82.26649475097656,63.92132186889648,169.0,0.2134833037853241,2.0,169.0,full,
P009-CEL-148,,full cells,full,CMC,EC:DEC,1.25,200.0,,0.0085,0.0098,1.1422,longterm,P009-CEL-148-0107-k16_2026-07-03 16-48-09_3_FullCell_FEC - longterm.ndax,83.60399627685547,11.806458473205566,157.0,0.5617423057556152,2.0,157.0,full,
P009-CEL-149,,full cells,full,CMC,EC:DEC,1.25,200.0,,0.0083,0.0091,1.0685,longterm,P009-CEL-149-0107-k17_2026-07-03 16-48-39_4_FullCell_FEC - longterm.ndax,82.00762939453125,69.02384948730469,162.0,0.1912108063697815,2.0,162.0,full,
P009-CEL-150,,full cells,full,CMC,EC:DEC,1.25,200.0,,0.0085,0.0097,1.1317,longterm,P009-CEL-150-0107-k13_2026-07-03 16-49-09_5_FullCell_FEC - longterm.ndax,83.23027038574219,70.0470962524414,159.0,0.1883830428123474,2.0,159.0,full,
P009-CEL-151,,full cells,full,CMC,EC:DEC,1.25,200.0,,0.0088,0.0105,1.2264,longterm,P009-CEL-151-0107-k14_2026-07-03 16-49-38_6_FullCell_FEC - longterm.ndax,81.48870849609375,68.08072662353516,185.0,0.1725366115570068,2.0,185.0,full,
P009-CEL-152,,full cells,full,CMC,EC:DEC,1.25,200.0,,0.0085,0.0102,1.1948,longterm,P009-CEL-152-0107-k15_2026-07-03 16-50-12_7_FullCell_FEC - longterm.ndax,82.2945556640625,70.7629623413086,161.0,0.181596502661705,2.0,161.0,full,
P009-CEL-153,,full cells,full,CMC,EC:DEC,0.5,200.0,,0.0083,0.01,1.1738,longterm,P009-CEL-153-0107-k6_2026-07-03 16-50-51_1_FullCell_FEC - longterm.ndax,83.17166137695312,81.5072250366211,61.0,0.3031602501869201,2.0,61.0,full,
P009-CEL-154,,full cells,full,CMC,EC:DEC,0.5,200.0,,0.0081,0.009,1.0579,longterm,P009-CEL-154-0107-k7_2026-07-03 16-51-23_2_FullCell_FEC - longterm.ndax,81.57966613769531,46.55781555175781,64.0,0.8350341320037842,2.0,64.0,full,
P009-CEL-156,,full cells,full,CMC,EC:DEC,0.5,200.0,,0.008,0.0086,1.0053,longterm,P009-CEL-156-0107-k4_2026-07-03 16-52-45_4_FullCell_FEC - longterm.ndax,80.16842651367188,66.57432556152344,172.0,0.1943353116512298,2.0,172.0,full,
P009-CEL-161,,full cells,full,CMC,EC:DEC,2.5,200.0,,0.0084,0.0107,1.2475,longterm,P009-CEL-161-0907-K1_2026-07-09 12-31-17_4_FullCell_FEC - longterm.ndax,82.90446472167969,72.68656158447266,130.0,0.210103377699852,2.0,130.0,full,
P009-CEL-162,,full cells,full,CMC,EC:DEC,2.5,200.0,,0.0083,0.009,1.0579,longterm,P009-CEL-162-0907-K2_2026-07-09 12-32-30_5_FullCell_FEC - longterm.ndax,82.22782897949219,67.68620300292969,137.0,0.2358671277761459,2.0,137.0,full,
P009-CEL-163,,full cells,full,CMC,EC:DEC,0.5,200.0,,0.0085,0.0101,1.1843,longterm,P009-CEL-163-0907-K3_2026-07-09 12-33-06_6_FullCell_FEC - longterm.ndax,79.01705932617188,60.18471145629883,262.0,0.1519667506217956,2.0,262.0,full,
P009-CEL-164,,full cells,full,CMC,EC:DEC,0.5,200.0,,0.0085,0.01,1.1738,longterm,P009-CEL-164-0907-K4_2026-07-09 12-33-36_7_FullCell_FEC - longterm.ndax,84.03814697265625,74.268798828125,125.0,0.20584960281848907,2.0,125.0,full,
